{"duration": 0.0045320987701416016, "input_args": {"s": "0      148\n1       85\n2      183\n3       89\n4      137\n      ... \n763    101\n764    122\n765    121\n766    126\n767     93\nName: Glucose, Length: 768, dtype: int64"}, "time": 1740239994.9158468}