{"duration": 0.003020048141479492, "input_args": {"s": "0      2\n1      3\n2      2\n3      3\n4      2\n      ..\n540    2\n541    0\n542    0\n543    0\n544    0\nName: parking, Length: 545, dtype: int64"}, "time": 1740239741.1768003}