{"duration": 0.002999544143676758, "input_args": {"s": "0      13300000\n1      12250000\n2      12250000\n3      12215000\n4      11410000\n         ...   \n540     1820000\n541     1767150\n542     1750000\n543     1750000\n544     1750000\nName: price, Length: 545, dtype: int64"}, "time": 1740239741.0836053}