{"duration": 0.005507946014404297, "input_args": {"s": "0      35\n1      29\n2       0\n3      23\n4      35\n       ..\n763    48\n764    27\n765    23\n766     0\n767    31\nName: SkinThickness, Length: 768, dtype: int64"}, "time": 1740239994.9338887}