{"duration": 0.005530595779418945, "input_args": {"s": "0       no\n1       no\n2       no\n3       no\n4      yes\n      ... \n540     no\n541     no\n542     no\n543     no\n544     no\nName: guestroom, Length: 545, dtype: object"}, "time": 1740239741.1346703}