{"duration": 0.0029730796813964844, "input_args": {"s": "0      7420\n1      8960\n2      9960\n3      7500\n4      7420\n       ... \n540    3000\n541    2400\n542    3620\n543    2910\n544    3850\nName: area, Length: 545, dtype: int64"}, "time": 1740239741.0928273}