{"duration": 0.0035178661346435547, "input_args": {"s": "0      50\n1      31\n2      32\n3      21\n4      33\n       ..\n763    63\n764    27\n765    30\n766    47\n767    23\nName: Age, Length: 768, dtype: int64"}, "time": 1740239994.9756076}