{"duration": 0.0040056705474853516, "input_args": {"s": "0      2\n1      4\n2      2\n3      2\n4      1\n      ..\n540    1\n541    1\n542    1\n543    1\n544    1\nName: bathrooms, Length: 545, dtype: int64"}, "time": 1740239741.107561}