{"duration": 0.0025322437286376953, "input_args": {"s": "0      3\n1      4\n2      2\n3      2\n4      2\n      ..\n540    1\n541    1\n542    1\n543    1\n544    2\nName: stories, Length: 545, dtype: int64"}, "time": 1740239741.1150951}