{"duration": 0.004131793975830078, "input_args": {"s": "0      33.6\n1      26.6\n2      23.3\n3      28.1\n4      43.1\n       ... \n763    32.9\n764    36.8\n765    26.2\n766    30.1\n767    30.4\nName: BMI, Length: 768, dtype: float64"}, "time": 1740239994.9555604}