{"duration": 0.006187915802001953, "input_args": {"s": "0      no\n1      no\n2      no\n3      no\n4      no\n       ..\n540    no\n541    no\n542    no\n543    no\n544    no\nName: hotwaterheating, Length: 545, dtype: object"}, "time": 1740245848.7678862}