{"duration": 0.002026796340942383, "input_args": {"s": "0      72\n1      66\n2      64\n3      66\n4      40\n       ..\n763    76\n764    70\n765    72\n766    60\n767    70\nName: BloodPressure, Length: 768, dtype: int64"}, "time": 1740239994.9228718}